time,x,y,z,qx,qy,qz,qw
0.0038929999999997023,-0.5317765474319458,0.6410254836082458,0.6882253885269165,0.0027780637610703707,-0.12450193613767624,-0.0013494240120053291,0.992214560508728
0.00815419999999989,-0.5317765474319458,0.6410254836082458,0.6882253885269165,0.0027780637610703707,-0.12450193613767624,-0.0013494240120053291,0.992214560508728
0.014001499999999112,-0.5317776203155518,0.6410237550735474,0.6882302761077881,0.002873607911169529,-0.1245424747467041,-0.00146509672049433,0.9922090768814087
0.01873749999999852,-0.5317761898040771,0.6410194635391235,0.6882249712944031,0.0028291831258684397,-0.12447967380285263,-0.001345823984593153,0.9922173023223877
0.022358099999999936,-0.5317761898040771,0.6410194635391235,0.6882249712944031,0.0028291831258684397,-0.12447967380285263,-0.001345823984593153,0.9922173023223877
0.02660589999999985,-0.5317761898040771,0.6410194635391235,0.6882249712944031,0.0028291831258684397,-0.12447967380285263,-0.001345823984593153,0.9922173023223877
0.03179629999999989,-0.5317782163619995,0.6410210132598877,0.6882243752479553,0.0027843029238283634,-0.12448997795581818,-0.001270498614758253,0.9922162294387817
0.0355124,-0.531779408454895,0.6410195231437683,0.6882328987121582,0.002761499723419547,-0.12450265884399414,-0.0011800398351624608,0.9922147393226624
0.03919219999999868,-0.531779408454895,0.6410195231437683,0.6882328987121582,0.002761499723419547,-0.12450265884399414,-0.0011800398351624608,0.9922147393226624
0.04448709999999956,-0.5317868590354919,0.6410236358642578,0.6882285475730896,0.0028756053652614355,-0.12450268119573593,-0.0013834090204909444,0.9922142028808594
0.04874889999999965,-0.5317868590354919,0.6410236358642578,0.6882285475730896,0.0028756053652614355,-0.12450268119573593,-0.0013834090204909444,0.9922142028808594
0.05255279999999907,-0.5317859053611755,0.6410297751426697,0.6882174611091614,0.0028171390295028687,-0.12452541291713715,-0.0014174813404679298,0.9922114610671997
0.056388899999999964,-0.5317859053611755,0.6410297751426697,0.6882174611091614,0.0028171390295028687,-0.12452541291713715,-0.0014174813404679298,0.9922114610671997
0.06236339999999885,-0.5317901968955994,0.6410366296768188,0.6882091760635376,0.002862008986994624,-0.12458653002977371,-0.0014353110454976559,0.9922035932540894
0.0663026999999996,-0.5317901968955994,0.6410366296768188,0.6882091760635376,0.002862008986994624,-0.12458653002977371,-0.0014353110454976559,0.9922035932540894
0.07067069999999909,-0.5317895412445068,0.6410460472106934,0.6882156133651733,0.002803612034767866,-0.12452799826860428,-0.0014146858593448997,0.992211103439331
0.0745401999999995,-0.5317895412445068,0.6410460472106934,0.6882156133651733,0.002803612034767866,-0.12452799826860428,-0.0014146858593448997,0.992211103439331
0.07970289999999913,-0.5317949056625366,0.6410363912582397,0.6882163286209106,0.0028500102926045656,-0.12451140582561493,-0.0013722118455916643,0.9922131299972534
0.08457579999999965,-0.5317948460578918,0.6410365700721741,0.6882209777832031,0.0028708847239613533,-0.12446088343858719,-0.0015136266592890024,0.9922192096710205
0.0883781999999993,-0.5317948460578918,0.6410365700721741,0.6882209777832031,0.0028708847239613533,-0.12446088343858719,-0.0015136266592890024,0.9922192096710205
0.09318569999999937,-0.5317948460578918,0.6410365700721741,0.6882209777832031,0.0028708847239613533,-0.12446088343858719,-0.0015136266592890024,0.9922192096710205
0.09864439999999952,-0.5317926406860352,0.6410353779792786,0.6882141828536987,0.0029615547973662615,-0.12457621842622757,-0.0014888168079778552,0.992204487323761
0.10259669999999943,-0.5317947268486023,0.6410384178161621,0.6882158517837524,0.0027916147373616695,-0.12453026324510574,-0.0014450987800955772,0.9922109246253967
0.10626740000000012,-0.5317947268486023,0.6410384178161621,0.6882158517837524,0.0027916147373616695,-0.12453026324510574,-0.0014450987800955772,0.9922109246253967
0.11230879999999921,-0.5317952036857605,0.6410406231880188,0.6882181763648987,0.0029022146482020617,-0.1245732381939888,-0.001524882623925805,0.9922050833702087
0.11667579999999944,-0.5317952036857605,0.6410406231880188,0.6882181763648987,0.0029022146482020617,-0.1245732381939888,-0.001524882623925805,0.9922050833702087
0.12098529999999919,-0.5317922234535217,0.6410380601882935,0.6882144808769226,0.002880725311115384,-0.1245814859867096,-0.0014105290174484253,0.9922042489051819
0.12516499999999908,-0.5317922234535217,0.6410380601882935,0.6882144808769226,0.002880725311115384,-0.1245814859867096,-0.0014105290174484253,0.9922042489051819
0.13085639999999898,-0.5317870378494263,0.6410337686538696,0.6882181763648987,0.00295820739120245,-0.12456720322370529,-0.0014431815361604095,0.992205798625946
0.13534459999999982,-0.5317831039428711,0.6410300731658936,0.6882181167602539,0.0030524248722940683,-0.12454494088888168,-0.0016232960624620318,0.9922080039978027
0.13884000000000007,-0.5317831039428711,0.6410300731658936,0.6882181167602539,0.0030524248722940683,-0.12454494088888168,-0.0016232960624620318,0.9922080039978027
0.14297339999999892,-0.5317831039428711,0.6410300731658936,0.6882181167602539,0.0030524248722940683,-0.12454494088888168,-0.0016232960624620318,0.9922080039978027
0.14849639999999908,-0.5317787528038025,0.6410329937934875,0.6882217526435852,0.002967734821140766,-0.1245056539773941,-0.0015005999011918902,0.9922133088111877
0.15219169999999949,-0.5317820310592651,0.6410341858863831,0.6882218718528748,0.002897488186135888,-0.12452562898397446,-0.001465673209168017,0.9922111630439758
0.15579589999999932,-0.5317820310592651,0.6410341858863831,0.6882218718528748,0.002897488186135888,-0.12452562898397446,-0.001465673209168017,0.9922111630439758
0.16136129999999937,-0.5317779779434204,0.6410364508628845,0.6882169246673584,0.002992028836160898,-0.1245674341917038,-0.0016369243385270238,0.9922053813934326
0.16543149999999862,-0.5317779779434204,0.6410364508628845,0.6882169246673584,0.002992028836160898,-0.1245674341917038,-0.0016369243385270238,0.9922053813934326
0.16914699999999883,-0.5317825078964233,0.6410355567932129,0.6882184147834778,0.0029736491851508617,-0.12452110648155212,-0.001604150515049696,0.9922112822532654
0.1730336999999995,-0.5317825078964233,0.6410355567932129,0.6882184147834778,0.0029736491851508617,-0.12452110648155212,-0.001604150515049696,0.9922112822532654
0.17872759999999843,-0.5317869782447815,0.6410375833511353,0.688227117061615,0.002949262037873268,-0.12449245899915695,-0.0015845742309466004,0.9922149777412415
0.18383009999999977,-0.5317869782447815,0.6410375833511353,0.688227117061615,0.002949262037873268,-0.12449245899915695,-0.0015845742309466004,0.9922149777412415
0.18853589999999976,-0.5317866802215576,0.6410334706306458,0.6882269382476807,0.002873759949579835,-0.1244896799325943,-0.0015651005087420344,0.9922155737876892
0.19257339999999878,-0.5317866802215576,0.6410334706306458,0.6882269382476807,0.002873759949579835,-0.1244896799325943,-0.0015651005087420344,0.9922155737876892
0.19830019999999848,-0.5317868590354919,0.6410309672355652,0.6882241368293762,0.0029857191257178783,-0.12451387941837311,-0.001627130899578333,0.9922120571136475
0.20223879999999994,-0.5317845940589905,0.641035795211792,0.6882161498069763,0.0029110873583704233,-0.12448873370885849,-0.0015586188528686762,0.9922155141830444
0.2059818,-0.5317845940589905,0.641035795211792,0.6882161498069763,0.0029110873583704233,-0.12448873370885849,-0.0015586188528686762,0.9922155141830444
0.21187129999999854,-0.5317864418029785,0.6410474181175232,0.6882166862487793,0.00283530680462718,-0.12450271844863892,-0.001513298018835485,0.9922140836715698
0.21583789999999858,-0.5317864418029785,0.6410474181175232,0.6882166862487793,0.00283530680462718,-0.12450271844863892,-0.001513298018835485,0.9922140836715698
0.22060419999999858,-0.5317825675010681,0.6410460472106934,0.6882178783416748,0.002861092332750559,-0.12449543178081512,-0.0015444513410329819,0.9922148585319519
0.22462979999999888,-0.5317825675010681,0.6410460472106934,0.6882178783416748,0.002861092332750559,-0.12449543178081512,-0.0015444513410329819,0.9922148585319519
0.23109089999999988,-0.5317858457565308,0.6410446763038635,0.6882126927375793,0.0028670462779700756,-0.1245112419128418,-0.0016333458479493856,0.9922127723693848
0.2356272999999991,-0.5317882895469666,0.6410407423973083,0.6882156729698181,0.0028028348460793495,-0.12454953789710999,-0.0014273191336542368,0.9922084212303162
0.23941449999999875,-0.5317882895469666,0.6410407423973083,0.6882156729698181,0.0028028348460793495,-0.12454953789710999,-0.0014273191336542368,0.9922084212303162
0.24498009999999937,-0.5317906141281128,0.6410307288169861,0.6882201433181763,0.0029311131220310926,-0.12445585429668427,-0.0014892695471644402,0.9922196865081787
0.25120889999999996,-0.5317867994308472,0.6410247087478638,0.6882280111312866,0.0028894422575831413,-0.12451431900262833,-0.001482699764892459,0.9922125935554504
0.25494289999999964,-0.5317867994308472,0.6410247087478638,0.6882280111312866,0.0028894422575831413,-0.12451431900262833,-0.001482699764892459,0.9922125935554504
0.2591089999999987,-0.5317867994308472,0.6410247087478638,0.6882280111312866,0.0028894422575831413,-0.12451431900262833,-0.001482699764892459,0.9922125935554504
0.26521559999999944,-0.531781792640686,0.6410251259803772,0.6882268190383911,0.002873063087463379,-0.1245431900024414,-0.001293377485126257,0.9922091960906982
0.2687961999999988,-0.5317793488502502,0.6410191655158997,0.6882258057594299,0.0028937526512891054,-0.12455437332391739,-0.0013571750605478883,0.9922076463699341
0.27239279999999866,-0.5317793488502502,0.6410191655158997,0.6882258057594299,0.0028937526512891054,-0.12455437332391739,-0.0013571750605478883,0.9922076463699341
0.279119399999999,-0.5317806005477905,0.6410247087478638,0.688224196434021,0.0027211352717131376,-0.12452450394630432,-0.0012724108528345823,0.9922119975090027
0.2841618999999991,-0.5317882895469666,0.6410176157951355,0.6882317066192627,0.0027926662005484104,-0.1245475709438324,-0.0013268168549984694,0.9922088980674744
0.2877307999999985,-0.5317882895469666,0.6410176157951355,0.6882317066192627,0.0027926662005484104,-0.1245475709438324,-0.0013268168549984694,0.9922088980674744
0.2920973999999994,-0.5317882895469666,0.6410176157951355,0.6882317066192627,0.0027926662005484104,-0.1245475709438324,-0.0013268168549984694,0.9922088980674744
0.2979068999999992,-0.531792402267456,0.6410120725631714,0.6882334351539612,0.002756261732429266,-0.12458129972219467,-0.0011521130800247192,0.9922049641609192
0.30397069999999893,-0.5317901968955994,0.6410112977027893,0.6882312893867493,0.0028243542183190584,-0.12451442331075668,-0.0012332574697211385,0.9922130107879639
0.30893129999999935,-0.5317901968955994,0.6410112977027893,0.6882312893867493,0.0028243542183190584,-0.12451442331075668,-0.0012332574697211385,0.9922130107879639
0.3149514,-0.5317832231521606,0.6410146355628967,0.6882221698760986,0.002787018660455942,-0.12454086542129517,-0.0012016396503895521,0.9922098517417908
0.3186572999999999,-0.5317814350128174,0.6410221457481384,0.6882266402244568,0.002785608870908618,-0.12452811747789383,-0.001375615713186562,0.9922112822532654
0.3225283000000001,-0.5317814350128174,0.6410221457481384,0.6882266402244568,0.002785608870908618,-0.12452811747789383,-0.001375615713186562,0.9922112822532654
0.3294828999999986,-0.5317786931991577,0.6410265564918518,0.6882190704345703,0.0027706336695700884,-0.12449050694704056,-0.0014557807007804513,0.9922159314155579
0.3349845999999985,-0.531779408454895,0.6410140991210938,0.6882187724113464,0.0027672951109707355,-0.12449432909488678,-0.001358566340059042,0.9922155141830444
0.3385484999999999,-0.531779408454895,0.6410140991210938,0.6882187724113464,0.0027672951109707355,-0.12449432909488678,-0.001358566340059042,0.9922155141830444
0.34410339999999984,-0.531786322593689,0.6410180330276489,0.6882190704345703,0.002665699692443013,-0.12455367296934128,-0.0012268469436094165,0.9922085404396057
0.3489185999999993,-0.531786322593689,0.6410180330276489,0.6882190704345703,0.002665699692443013,-0.12455367296934128,-0.0012268469436094165,0.9922085404396057
0.3533242999999988,-0.5317915678024292,0.6410178542137146,0.6882271766662598,0.0027930166106671095,-0.12454479932785034,-0.0013872674899175763,0.9922090768814087
0.3573447999999999,-0.5317915678024292,0.6410178542137146,0.6882271766662598,0.0027930166106671095,-0.12454479932785034,-0.0013872674899175763,0.9922090768814087
0.36334860000000013,-0.531795084476471,0.6410272717475891,0.6882200241088867,0.002681158483028412,-0.12457805126905441,-0.0012359332758933306,0.9922055006027222
0.3681497999999994,-0.5317844748497009,0.6410380601882935,0.6882057785987854,0.002690905937924981,-0.12456868588924408,-0.0013371090171858668,0.9922064542770386
0.3719392999999993,-0.5317844748497009,0.6410380601882935,0.6882057785987854,0.002690905937924981,-0.12456868588924408,-0.0013371090171858668,0.9922064542770386
0.37734179999999995,-0.5317810773849487,0.6410447955131531,0.6881980895996094,0.002616639481857419,-0.12454790621995926,-0.0013367622159421444,0.9922093152999878
0.3819936999999989,-0.5317810773849487,0.6410447955131531,0.6881980895996094,0.002616639481857419,-0.12454790621995926,-0.0013367622159421444,0.9922093152999878
0.38575559999999953,-0.5317777395248413,0.6410462856292725,0.6882009506225586,0.002672830130904913,-0.12459088861942291,-0.001525013823993504,0.992203414440155
0.38943769999999844,-0.5317777395248413,0.6410462856292725,0.6882009506225586,0.002672830130904913,-0.12459088861942291,-0.001525013823993504,0.992203414440155
0.39590709999999874,-0.5317831039428711,0.6410309076309204,0.6882131695747375,0.0027207524981349707,-0.12452928721904755,-0.0013581141829490662,0.9922112822532654
0.40189339999999873,-0.5317850112915039,0.6410327553749084,0.6882185935974121,0.0027391796465963125,-0.12449419498443604,-0.001533492817543447,0.9922154545783997
0.40548129999999993,-0.5317850112915039,0.6410327553749084,0.6882185935974121,0.0027391796465963125,-0.12449419498443604,-0.001533492817543447,0.9922154545783997
0.41090809999999856,-0.5317885279655457,0.6410331130027771,0.6882144808769226,0.002747973892837763,-0.12451445311307907,-0.001495776348747313,0.9922129511833191
0.4152060999999989,-0.5317885279655457,0.6410331130027771,0.6882144808769226,0.002747973892837763,-0.12451445311307907,-0.001495776348747313,0.9922129511833191
0.42125139999999917,-0.5317904353141785,0.6410332918167114,0.6882144212722778,0.002740993397310376,-0.1245429739356041,-0.0015545926289632916,0.9922091960906982
0.4258354999999998,-0.5317904353141785,0.6410332918167114,0.6882144212722778,0.002740993397310376,-0.1245429739356041,-0.0015545926289632916,0.9922091960906982
0.4317238999999997,-0.5317850112915039,0.6410406827926636,0.6882135272026062,0.0027296734042465687,-0.12448078393936157,-0.0016589714214205742,0.992216944694519
0.4356133999999994,-0.5317779183387756,0.6410390734672546,0.6882140636444092,0.002760050818324089,-0.12448100000619888,-0.0016097523039206862,0.9922168254852295
0.4395581999999987,-0.5317779183387756,0.6410390734672546,0.6882140636444092,0.002760050818324089,-0.12448100000619888,-0.0016097523039206862,0.9922168254852295
0.44593179999999855,-0.5317776799201965,0.6410284638404846,0.6882254481315613,0.0028569481801241636,-0.12451177835464478,-0.0015686738770455122,0.9922128319740295
0.4514756999999996,-0.5317832827568054,0.6410219669342041,0.6882323622703552,0.002898360136896372,-0.12448465079069138,-0.0016023431671783328,0.9922159910202026
0.45571749999999867,-0.5317832827568054,0.6410219669342041,0.6882323622703552,0.002898360136896372,-0.12448465079069138,-0.0016023431671783328,0.9922159910202026
0.46156940000000013,-0.5317867398262024,0.641014814376831,0.6882447004318237,0.0028933456633239985,-0.1244896799325943,-0.0015874471282586455,0.9922154545783997
0.466024599999999,-0.5317867398262024,0.641014814376831,0.6882447004318237,0.0028933456633239985,-0.1244896799325943,-0.0015874471282586455,0.9922154545783997
0.4710674999999984,-0.5317850112915039,0.6410094499588013,0.6882453560829163,0.0029291880782693624,-0.12454384565353394,-0.0015734523767605424,0.9922085404396057
0.47591699999999904,-0.5317850112915039,0.6410094499588013,0.6882453560829163,0.0029291880782693624,-0.12454384565353394,-0.0015734523767605424,0.9922085404396057
0.4817299999999989,-0.5317844748497009,0.6410222053527832,0.688231885433197,0.0028705988079309464,-0.1245017871260643,-0.0015531015815213323,0.992214024066925
0.4862100999999992,-0.5317820906639099,0.6410272717475891,0.6882243156433105,0.002823741640895605,-0.1245221495628357,-0.0014050357276573777,0.9922118186950684
0.4898503999999999,-0.5317820906639099,0.6410272717475891,0.6882243156433105,0.002823741640895605,-0.1245221495628357,-0.0014050357276573777,0.9922118186950684
0.4954641999999989,-0.5317878127098083,0.6410266160964966,0.6882301568984985,0.002933456329628825,-0.12453236430883408,-0.001522899721749127,0.9922100305557251
0.5003379999999993,-0.5317878127098083,0.6410266160964966,0.6882301568984985,0.002933456329628825,-0.12453236430883408,-0.001522899721749127,0.9922100305557251
0.5050463000000001,-0.531793475151062,0.6410194635391235,0.6882318258285522,0.0029395869933068752,-0.12454641610383987,-0.0015107335057109594,0.9922083020210266
0.5091706999999985,-0.531793475151062,0.6410194635391235,0.6882318258285522,0.0029395869933068752,-0.12454641610383987,-0.0015107335057109594,0.9922083020210266
0.5150370999999989,-0.5317932367324829,0.6410185694694519,0.6882288455963135,0.0029535905923694372,-0.12453761696815491,-0.0015819796826690435,0.992209255695343
0.5187667999999999,-0.5317928791046143,0.6410226821899414,0.6882213950157166,0.0029081939719617367,-0.12454923987388611,-0.0014785494422540069,0.9922080636024475
0.5222350999999996,-0.5317928791046143,0.6410226821899414,0.6882213950157166,0.0029081939719617367,-0.12454923987388611,-0.0014785494422540069,0.9922080636024475
0.5281311999999989,-0.5317865014076233,0.6410378813743591,0.6882172226905823,0.002877509454265237,-0.12457799911499023,-0.0015255447942763567,0.9922045469284058
0.5328397999999996,-0.5317865014076233,0.6410378813743591,0.6882172226905823,0.002877509454265237,-0.12457799911499023,-0.0015255447942763567,0.9922045469284058
0.5367689999999996,-0.5317872166633606,0.6410490870475769,0.6882086396217346,0.002742990618571639,-0.1245110034942627,-0.0014600467402487993,0.9922133684158325
0.5414753999999995,-0.5317872166633606,0.6410490870475769,0.6882086396217346,0.002742990618571639,-0.1245110034942627,-0.0014600467402487993,0.9922133684158325
0.5474582999999988,-0.5317893028259277,0.6410501599311829,0.6882039308547974,0.0027666424866765738,-0.12452434748411179,-0.0014363747322931886,0.9922116994857788
0.5515935999999986,-0.5317928194999695,0.6410467624664307,0.688208281993866,0.002794237108901143,-0.12452372908592224,-0.0015061036683619022,0.992211639881134
0.5551879,-0.5317928194999695,0.6410467624664307,0.688208281993866,0.002794237108901143,-0.12452372908592224,-0.0015061036683619022,0.992211639881134
0.559710599999999,-0.5317928194999695,0.6410467624664307,0.688208281993866,0.002794237108901143,-0.12452372908592224,-0.0015061036683619022,0.992211639881134
0.5662671999999986,-0.5317959785461426,0.6410406231880188,0.6882129907608032,0.002851012395694852,-0.12452708184719086,-0.0014536252710968256,0.992211103439331
0.5701947,-0.5317915678024292,0.6410363912582397,0.6882191896438599,0.0028501409105956554,-0.12451313436031342,-0.0014931152109056711,0.9922127723693848
0.5737922999999991,-0.5317915678024292,0.6410363912582397,0.6882191896438599,0.0028501409105956554,-0.12451313436031342,-0.0014931152109056711,0.9922127723693848
0.5782405999999991,-0.5317838788032532,0.6410417556762695,0.6882186532020569,0.002817942528054118,-0.12449593096971512,-0.0014282356714829803,0.9922151565551758
0.5836923999999986,-0.5317838788032532,0.6410417556762695,0.6882186532020569,0.002817942528054118,-0.12449593096971512,-0.0014282356714829803,0.9922151565551758
0.5882638,-0.531781017780304,0.641042947769165,0.6882087588310242,0.0028837197460234165,-0.12445317208766937,-0.0014619346475228667,0.9922202229499817
0.5924937999999997,-0.531781017780304,0.641042947769165,0.6882087588310242,0.0028837197460234165,-0.12445317208766937,-0.0014619346475228667,0.9922202229499817
0.5980699999999999,-0.5317783951759338,0.6410468816757202,0.6882063746452332,0.0028076348826289177,-0.12451300770044327,-0.001364686875604093,0.9922131299972534
0.6018787999999997,-0.5317877531051636,0.6410415768623352,0.6882141828536987,0.002958098892122507,-0.1244869977235794,-0.001401732675731182,0.9922158122062683
0.6055199999999985,-0.5317877531051636,0.6410415768623352,0.6882141828536987,0.002958098892122507,-0.1244869977235794,-0.001401732675731182,0.9922158122062683
0.6096234999999997,-0.5317877531051636,0.6410415768623352,0.6882141828536987,0.002958098892122507,-0.1244869977235794,-0.001401732675731182,0.9922158122062683
0.6155288999999993,-0.5317912697792053,0.6410318613052368,0.6882249116897583,0.002925675129517913,-0.124453105032444,-0.0015222028596326709,0.9922201037406921
0.620959899999999,-0.5317943692207336,0.6410295367240906,0.6882221102714539,0.0030141996685415506,-0.12450218945741653,-0.0014779327902942896,0.9922136664390564
0.6259315000000001,-0.5317943692207336,0.6410295367240906,0.6882221102714539,0.0030141996685415506,-0.12450218945741653,-0.0014779327902942896,0.9922136664390564
0.6309038999999999,-0.5317862033843994,0.6410354375839233,0.6882186532020569,0.0029678645078092813,-0.12445469945669174,-0.0015699999639764428,0.9922195672988892
0.6354565999999995,-0.5318264365196228,0.641042172908783,0.6882107257843018,0.002903461456298828,-0.12390363216400146,-0.0013963928213343024,0.9922890663146973
0.6394389999999994,-0.5318264365196228,0.641042172908783,0.6882107257843018,0.002903461456298828,-0.12390363216400146,-0.0013963928213343024,0.9922890663146973
0.6454252,-0.5317884683609009,0.6410444974899292,0.6882168054580688,0.002905012108385563,-0.1245243102312088,-0.0014895483618602157,0.9922111630439758
0.6503629999999987,-0.5317884683609009,0.6410444974899292,0.6882168054580688,0.002905012108385563,-0.1245243102312088,-0.0014895483618602157,0.9922111630439758
0.6553876999999986,-0.5317906737327576,0.6410439014434814,0.6882179975509644,0.0029159619007259607,-0.12452344596385956,-0.0014727578964084387,0.9922113418579102
0.6602879000000001,-0.5318045020103455,0.6410332918167114,0.6882199645042419,0.003009804990142584,-0.12448673695325851,-0.001488520996645093,0.9922155737876892
0.6648484999999997,-0.5318045020103455,0.6410332918167114,0.6882199645042419,0.003009804990142584,-0.12448673695325851,-0.001488520996645093,0.9922155737876892
0.6688545000000001,-0.5318019986152649,0.641029417514801,0.6882258057594299,0.0030197971500456333,-0.12454371154308319,-0.0015445267781615257,0.9922083020210266
0.6729176999999993,-0.5318019986152649,0.641029417514801,0.6882258057594299,0.0030197971500456333,-0.12454371154308319,-0.0015445267781615257,0.9922083020210266
0.678493099999999,-0.5317991971969604,0.6410425305366516,0.6882155537605286,0.002911495277658105,-0.12451431900262833,-0.0016496917232871056,0.992212176322937
0.6829178999999996,-0.5317991971969604,0.6410425305366516,0.6882155537605286,0.002911495277658105,-0.12451431900262833,-0.0016496917232871056,0.992212176322937
0.6867101999999985,-0.5317911505699158,0.6410493850708008,0.6882033348083496,0.002867690520361066,-0.1245347335934639,-0.001620728406123817,0.992209792137146
0.6912863999999992,-0.5317911505699158,0.6410493850708008,0.6882033348083496,0.002867690520361066,-0.1245347335934639,-0.001620728406123817,0.992209792137146
0.6975895999999988,-0.5317878127098083,0.6410551071166992,0.6882051229476929,0.0029237845446914434,-0.124513179063797,-0.0017336640739813447,0.992212176322937
0.7018059000000001,-0.5317923426628113,0.6410497426986694,0.6882200837135315,0.002933362266048789,-0.12453635782003403,-0.0015943124890327454,0.9922094345092773
0.705696399999999,-0.5317923426628113,0.6410497426986694,0.6882200837135315,0.002933362266048789,-0.12453635782003403,-0.0015943124890327454,0.9922094345092773
0.7115529999999985,-0.5317933559417725,0.6410323977470398,0.688230574131012,0.002942423103377223,-0.1245383694767952,-0.0015102019533514977,0.9922093749046326
0.7159864999999996,-0.5317933559417725,0.6410323977470398,0.688230574131012,0.002942423103377223,-0.1245383694767952,-0.0015102019533514977,0.9922093749046326
0.7203075999999999,-0.5317923426628113,0.6410202383995056,0.6882333159446716,0.0030318815261125565,-0.12452090531587601,-0.0015130029059946537,0.9922111630439758
0.7239436000000001,-0.5317923426628113,0.6410202383995056,0.6882333159446716,0.0030318815261125565,-0.12452090531587601,-0.0015130029059946537,0.9922111630439758
0.7290225999999986,-0.5317854881286621,0.6410215497016907,0.6882322430610657,0.0030227573588490486,-0.1245027408003807,-0.0015254633035510778,0.9922135472297668
0.7332991999999994,-0.5317854881286621,0.6410215497016907,0.6882322430610657,0.0030227573588490486,-0.1245027408003807,-0.0015254633035510778,0.9922135472297668
0.7381402000000001,-0.5317901372909546,0.6410313844680786,0.6882306933403015,0.002947296714410186,-0.12451596558094025,-0.0015077127609401941,0.9922121167182922
0.7423589999999987,-0.5317901372909546,0.6410313844680786,0.6882306933403015,0.002947296714410186,-0.12451596558094025,-0.0015077127609401941,0.9922121167182922
0.7476251999999999,-0.5317899584770203,0.6410349607467651,0.6882362961769104,0.0029482960235327482,-0.12449126690626144,-0.0015876612160354853,0.9922150373458862
0.7515503999999993,-0.5317908525466919,0.6410309076309204,0.6882333159446716,0.0029891098383814096,-0.12449944019317627,-0.001505544874817133,0.9922140836715698
0.7551559999999995,-0.5317908525466919,0.6410309076309204,0.6882333159446716,0.0029891098383814096,-0.12449944019317627,-0.001505544874817133,0.9922140836715698
0.7594007999999999,-0.5317908525466919,0.6410309076309204,0.6882333159446716,0.0029891098383814096,-0.12449944019317627,-0.001505544874817133,0.9922140836715698
0.765324699999999,-0.5317941904067993,0.6410223245620728,0.6882367134094238,0.003040619660168886,-0.12453530728816986,-0.0016241506673395634,0.992209255695343
0.7698959999999992,-0.5317933559417725,0.6410298347473145,0.6882369518280029,0.003001679666340351,-0.12451937794685364,-0.0016009061364457011,0.9922113418579102
0.7738054999999999,-0.5317933559417725,0.6410298347473145,0.6882369518280029,0.003001679666340351,-0.12451937794685364,-0.0016009061364457011,0.9922113418579102
0.7790881999999986,-0.5317942500114441,0.6410345435142517,0.6882390379905701,0.0030574644915759563,-0.1245713084936142,-0.0016252085333690047,0.9922046661376953
0.7842801999999995,-0.5317904353141785,0.6410419344902039,0.6882275938987732,0.0029284937772899866,-0.12448512762784958,-0.0015287508722394705,0.9922159910202026
0.7879096999999984,-0.5317904353141785,0.6410419344902039,0.6882275938987732,0.0029284937772899866,-0.12448512762784958,-0.0015287508722394705,0.9922159910202026
0.7926919999999988,-0.5317904353141785,0.6410419344902039,0.6882275938987732,0.0029284937772899866,-0.12448512762784958,-0.0015287508722394705,0.9922159910202026
0.7979842999999995,-0.5317834615707397,0.6410486698150635,0.6882144212722778,0.0028436894062906504,-0.12448868155479431,-0.0015521995956078172,0.9922157526016235
0.8019643999999992,-0.5317904353141785,0.6410503387451172,0.6882123947143555,0.0028574494644999504,-0.12454424053430557,-0.0015370280016213655,0.9922088384628296
0.8057241999999984,-0.5317904353141785,0.6410503387451172,0.6882123947143555,0.0028574494644999504,-0.12454424053430557,-0.0015370280016213655,0.9922088384628296
0.8116912999999997,-0.5317956805229187,0.6410481333732605,0.68821781873703,0.002897367812693119,-0.12454283237457275,-0.001569483196362853,0.9922088384628296
0.8159791999999992,-0.5317956805229187,0.6410481333732605,0.68821781873703,0.002897367812693119,-0.12454283237457275,-0.001569483196362853,0.9922088384628296
0.8217859999999995,-0.5317966938018799,0.6410477757453918,0.6882174611091614,0.0028249467723071575,-0.12452396750450134,-0.0016263043507933617,0.9922112226486206
0.8263372999999987,-0.5317966938018799,0.6410477757453918,0.6882174611091614,0.0028249467723071575,-0.12452396750450134,-0.0016263043507933617,0.9922112226486206
0.8320957999999994,-0.5317941308021545,0.6410537958145142,0.6882088780403137,0.0028005209751427174,-0.12453990429639816,-0.0016600234666839242,0.992209255695343
0.8367413999999993,-0.531792163848877,0.6410536170005798,0.68820720911026,0.002741078846156597,-0.12447595596313477,-0.0015280729858204722,0.9922176599502563
0.8404603999999996,-0.531792163848877,0.6410536170005798,0.68820720911026,0.002741078846156597,-0.12447595596313477,-0.0015280729858204722,0.9922176599502563
0.8512543999999984,-0.5317854285240173,0.6410484313964844,0.6882174015045166,0.0027881055139005184,-0.12450476735830307,-0.0015641904901713133,0.9922138452529907
0.8555243999999984,-0.5317854285240173,0.6410484313964844,0.6882174015045166,0.0027881055139005184,-0.12450476735830307,-0.0015641904901713133,0.9922138452529907
0.861355099999999,-0.531790018081665,0.641032874584198,0.6882203221321106,0.0028688933234661818,-0.12451275438070297,-0.0015770638128742576,0.9922125935554504
0.8660052999999994,-0.531790018081665,0.641032874584198,0.6882203221321106,0.0028688933234661818,-0.12451275438070297,-0.0015770638128742576,0.9922125935554504
0.8709020999999986,-0.5317941308021545,0.6410245299339294,0.6882243156433105,0.002907166490331292,-0.12455866485834122,-0.001447246060706675,0.9922069311141968
0.8749679999999991,-0.5317941308021545,0.6410245299339294,0.6882243156433105,0.002907166490331292,-0.12455866485834122,-0.001447246060706675,0.9922069311141968
0.8814243999999984,-0.5317952632904053,0.6410202383995056,0.6882292628288269,0.0028818005230277777,-0.12454836815595627,-0.001394282327964902,0.9922083616256714
0.8855039999999992,-0.5317849516868591,0.6410283446311951,0.6882368922233582,0.0028920264448970556,-0.12451338768005371,-0.0014405142283067107,0.99221271276474
0.8895509999999991,-0.5317849516868591,0.6410283446311951,0.6882368922233582,0.0028920264448970556,-0.12451338768005371,-0.0014405142283067107,0.99221271276474
0.8947697999999988,-0.5317825675010681,0.6410319805145264,0.6882275342941284,0.002769513288512826,-0.1245117336511612,-0.0013918103650212288,0.9922133088111877
0.8987391999999996,-0.5317825675010681,0.6410319805145264,0.6882275342941284,0.002769513288512826,-0.1245117336511612,-0.0013918103650212288,0.9922133088111877
0.9032951999999987,-0.5317753553390503,0.6410359144210815,0.6882268786430359,0.002796954708173871,-0.12449052184820175,-0.0014404364628717303,0.9922158718109131
0.906934399999999,-0.5317753553390503,0.6410359144210815,0.6882268786430359,0.002796954708173871,-0.12449052184820175,-0.0014404364628717303,0.9922158718109131
0.9117563999999998,-0.5317829251289368,0.641029953956604,0.6882306337356567,0.0029060973320156336,-0.1245410293340683,-0.0013686715392395854,0.992209255695343
0.9162669999999995,-0.5317829251289368,0.641029953956604,0.6882306337356567,0.0029060973320156336,-0.1245410293340683,-0.0013686715392395854,0.992209255695343
0.9213842999999997,-0.5317870378494263,0.6410126090049744,0.6882369518280029,0.0029469530563801527,-0.12452178448438644,-0.0013801209861412644,0.9922115206718445
0.9251940999999988,-0.5317870378494263,0.6410126090049744,0.6882369518280029,0.0029469530563801527,-0.12452178448438644,-0.0013801209861412644,0.9922115206718445
0.9295168999999994,-0.5317912697792053,0.641011655330658,0.6882390379905701,0.002843122696503997,-0.1245596632361412,-0.0013466913951560855,0.9922071695327759
0.9350902999999988,-0.5317925214767456,0.6410230398178101,0.688228964805603,0.0028871598187834024,-0.1245536357164383,-0.0013949698768556118,0.9922077655792236
0.9387945999999996,-0.5317925214767456,0.6410230398178101,0.688228964805603,0.0028871598187834024,-0.1245536357164383,-0.0013949698768556118,0.9922077655792236
0.9437734999999989,-0.5317894816398621,0.6410369277000427,0.6882264614105225,0.002784834476187825,-0.12456320226192474,-0.0014703776687383652,0.9922066926956177
0.9486577999999994,-0.5317894816398621,0.6410369277000427,0.6882264614105225,0.002784834476187825,-0.12456320226192474,-0.0014703776687383652,0.9922066926956177
0.9522643999999989,-0.5317916870117188,0.6410427689552307,0.6882182955741882,0.0027667726390063763,-0.12452411651611328,-0.0015051134396344423,0.992211639881134
0.9558343999999988,-0.5317916870117188,0.6410427689552307,0.6882182955741882,0.0027667726390063763,-0.12452411651611328,-0.0015051134396344423,0.992211639881134
0.9607050999999984,-0.5317859053611755,0.6410383582115173,0.6882134675979614,0.002888669725507498,-0.12454740703105927,-0.0015144143253564835,0.9922083020210266
0.965388299999999,-0.5317859053611755,0.6410383582115173,0.6882134675979614,0.002888669725507498,-0.12454740703105927,-0.0015144143253564835,0.9922083020210266
0.9703808999999985,-0.5317897796630859,0.641038715839386,0.6882116198539734,0.00280282786116004,-0.12457156926393509,-0.0014929588651284575,0.9922055602073669
0.9741008999999998,-0.5317897796630859,0.641038715839386,0.6882116198539734,0.00280282786116004,-0.12457156926393509,-0.0014929588651284575,0.9922055602073669
0.9786777999999998,-0.5317893028259277,0.6410385966300964,0.6882163286209106,0.002784155309200287,-0.12458539009094238,-0.0014436953933909535,0.992203950881958
0.9832260999999995,-0.5317893028259277,0.6410385966300964,0.6882163286209106,0.002784155309200287,-0.12458539009094238,-0.0014436953933909535,0.992203950881958
0.9876772999999996,-0.5317895412445068,0.6410414576530457,0.6882190704345703,0.002873626770451665,-0.12455281615257263,-0.0015509307850152254,0.9922075867652893
0.9912494999999986,-0.5317895412445068,0.6410414576530457,0.6882190704345703,0.002873626770451665,-0.12455281615257263,-0.0015509307850152254,0.9922075867652893
0.9965800999999992,-0.5317900776863098,0.641045868396759,0.6882168650627136,0.0026943080592900515,-0.12461325526237488,-0.001336516928859055,0.9922009110450745
1.0015289999999997,-0.5317937135696411,0.6410434246063232,0.6882078051567078,0.0027654741425067186,-0.12461205571889877,-0.0014900093665346503,0.9922005534172058
1.0052575999999984,-0.5317937135696411,0.6410434246063232,0.6882078051567078,0.0027654741425067186,-0.12461205571889877,-0.0014900093665346503,0.9922005534172058
1.0091471999999992,-0.5317937135696411,0.6410434246063232,0.6882078051567078,0.0027654741425067186,-0.12461205571889877,-0.0014900093665346503,0.9922005534172058
1.0146829999999998,-0.5317869186401367,0.6410502791404724,0.6882106065750122,0.002677362645044923,-0.12453774362802505,-0.0014483480481430888,0.9922102093696594
1.0186761999999998,-0.531785786151886,0.6410475969314575,0.6882171034812927,0.002778272610157728,-0.12456167489290237,-0.0015361469704657793,0.9922068119049072
1.022371399999999,-0.531785786151886,0.6410475969314575,0.6882171034812927,0.002778272610157728,-0.12456167489290237,-0.0015361469704657793,0.9922068119049072
1.0274421,-0.5317821502685547,0.6410412788391113,0.6882228255271912,0.0027605865616351366,-0.12457741796970367,-0.0014638433931395411,0.9922050833702087
1.0323779999999996,-0.5317821502685547,0.6410412788391113,0.6882228255271912,0.0027605865616351366,-0.12457741796970367,-0.0014638433931395411,0.9922050833702087
1.0384557,-0.5317804217338562,0.6410336494445801,0.6882212162017822,0.0027551003731787205,-0.12456410378217697,-0.0014455864438787103,0.9922067523002625
1.0438117999999985,-0.5317803025245667,0.6410331130027771,0.6882195472717285,0.0028602397069334984,-0.12456275522708893,-0.0014991777716204524,0.9922065138816833
1.0486611999999997,-0.5317803025245667,0.6410331130027771,0.6882195472717285,0.0028602397069334984,-0.12456275522708893,-0.0014991777716204524,0.9922065138816833
1.0524898999999994,-0.5317810773849487,0.6410306692123413,0.688220202922821,0.0027554102707654238,-0.1245257779955864,-0.0014875787310302258,0.9922114014625549
1.056129799999999,-0.5317810773849487,0.6410306692123413,0.688220202922821,0.0027554102707654238,-0.1245257779955864,-0.0014875787310302258,0.9922114014625549
1.0613905999999993,-0.5317782759666443,0.6410387754440308,0.6882222890853882,0.00277687213383615,-0.12456092238426208,-0.00143816031049937,0.9922070503234863
1.0659586999999995,-0.5317782759666443,0.6410387754440308,0.6882222890853882,0.00277687213383615,-0.12456092238426208,-0.00143816031049937,0.9922070503234863
1.0702176999999988,-0.5317831039428711,0.6410385370254517,0.6882205605506897,0.0028033631388098,-0.12452580779790878,-0.0014744519721716642,0.9922114014625549
1.0745988999999998,-0.5317831039428711,0.6410385370254517,0.6882205605506897,0.0028033631388098,-0.12452580779790878,-0.0014744519721716642,0.9922114014625549
1.0811015999999984,-0.5317873954772949,0.6410310864448547,0.6882261633872986,0.002681594341993332,-0.1245964914560318,-0.0012971442192792892,0.9922030568122864
1.085568799999999,-0.5317825675010681,0.6410294771194458,0.688229501247406,0.0027445494197309017,-0.12451320886611938,-0.0013394615380093455,0.9922133088111877
1.089626299999999,-0.5317825675010681,0.6410294771194458,0.688229501247406,0.0027445494197309017,-0.12451320886611938,-0.0013394615380093455,0.9922133088111877
1.0953641999999988,-0.5317807793617249,0.6410319209098816,0.6882294416427612,0.0028041552286595106,-0.12454184144735336,-0.0013995503541082144,0.9922094345092773
1.0997401,-0.5317807793617249,0.6410319209098816,0.6882294416427612,0.0028041552286595106,-0.12454184144735336,-0.0013995503541082144,0.9922094345092773
1.1041618,-0.5317786931991577,0.6410369873046875,0.6882247924804688,0.002832322148606181,-0.12459825724363327,-0.0014283531345427036,0.9922022819519043
1.1082183999999984,-0.5317786931991577,0.6410369873046875,0.6882247924804688,0.002832322148606181,-0.12459825724363327,-0.0014283531345427036,0.9922022819519043
1.1148486999999996,-0.5317775011062622,0.6410366892814636,0.6882177591323853,0.0028580455109477043,-0.12463010102510452,-0.0015573088312521577,0.9921979904174805
1.119005399999999,-0.5317834615707397,0.6410372853279114,0.6882232427597046,0.002876158570870757,-0.12465277314186096,-0.0015164419310167432,0.9921950697898865
1.1228008999999997,-0.5317834615707397,0.6410372853279114,0.6882232427597046,0.002876158570870757,-0.12465277314186096,-0.0015164419310167432,0.9921950697898865
1.1283193999999988,-0.5317803025245667,0.6410344839096069,0.6882274746894836,0.0028659463860094547,-0.12456575781106949,-0.0014688747469335794,0.9922062158584595
1.1325753999999986,-0.5317803025245667,0.6410344839096069,0.6882274746894836,0.0028659463860094547,-0.12456575781106949,-0.0014688747469335794,0.9922062158584595
1.1365973999999994,-0.5317861437797546,0.6410260200500488,0.6882307529449463,0.0028174782637506723,-0.12460612505674362,-0.0013395982095971704,0.9922013878822327
1.1403125999999997,-0.5317861437797546,0.6410260200500488,0.6882307529449463,0.0028174782637506723,-0.12460612505674362,-0.0013395982095971704,0.9922013878822327
1.1451005999999992,-0.5317866206169128,0.6410222053527832,0.6882324814796448,0.002910240786150098,-0.1245260015130043,-0.0014663290930911899,0.9922110438346863
1.1499030999999995,-0.5317866206169128,0.6410222053527832,0.6882324814796448,0.002910240786150098,-0.1245260015130043,-0.0014663290930911899,0.9922110438346863
1.1541464999999995,-0.5317798852920532,0.6410293579101562,0.688230037689209,0.002799540525302291,-0.12447217851877213,-0.0013691316125914454,0.9922182559967041
1.1578269999999993,-0.5317798852920532,0.6410293579101562,0.688230037689209,0.002799540525302291,-0.12447217851877213,-0.0013691316125914454,0.9922182559967041
1.1632787999999987,-0.5317780375480652,0.641032338142395,0.6882229447364807,0.002728645922616124,-0.12452226132154465,-0.0013650344917550683,0.992212176322937
1.1681361999999993,-0.5317764282226562,0.6410359740257263,0.6882237792015076,0.002694472437724471,-0.12448465079069138,-0.001376920728944242,0.992216944694519
1.1718728999999986,-0.5317764282226562,0.6410359740257263,0.6882237792015076,0.002694472437724471,-0.12448465079069138,-0.001376920728944242,0.992216944694519
1.1756604,-0.5317764282226562,0.6410359740257263,0.6882237792015076,0.002694472437724471,-0.12448465079069138,-0.001376920728944242,0.992216944694519
1.1817405999999995,-0.531775951385498,0.6410248875617981,0.688225507736206,0.002712321002036333,-0.12453301250934601,-0.0011948610190302134,0.992211103439331
1.185532499999999,-0.5317808389663696,0.6410244703292847,0.6882275342941284,0.0027663670480251312,-0.12455134093761444,-0.001431079232133925,0.9922083616256714
1.1891719999999992,-0.5317808389663696,0.6410244703292847,0.6882275342941284,0.0027663670480251312,-0.12455134093761444,-0.001431079232133925,0.9922083616256714
1.1946293999999984,-0.5317801833152771,0.6410265564918518,0.6882326006889343,0.0027947283815592527,-0.1245436742901802,-0.0013994695618748665,0.992209255695343
1.1991163,-0.5317801833152771,0.6410265564918518,0.6882326006889343,0.0027947283815592527,-0.1245436742901802,-0.0013994695618748665,0.992209255695343
1.2033489,-0.5317775011062622,0.6410305500030518,0.688224196434021,0.002805751981213689,-0.12452823668718338,-0.0014128442853689194,0.992211103439331
1.2072728000000001,-0.5317775011062622,0.6410305500030518,0.688224196434021,0.002805751981213689,-0.12452823668718338,-0.0014128442853689194,0.992211103439331
1.2131431999999993,-0.5317716598510742,0.6410329341888428,0.6882215738296509,0.0027293148450553417,-0.12450665980577469,-0.001343896728940308,0.9922140836715698
1.2177246999999998,-0.5317740440368652,0.6410325169563293,0.6882202625274658,0.0027770204469561577,-0.12455114722251892,-0.0013683740980923176,0.9922083616256714
1.221529499999999,-0.5317740440368652,0.6410325169563293,0.6882202625274658,0.0027770204469561577,-0.12455114722251892,-0.0013683740980923176,0.9922083616256714
1.2285936,-0.5317815542221069,0.6410311460494995,0.6882234811782837,0.0027422059793025255,-0.12461693584918976,-0.0012530944077298045,0.9922004342079163
1.2345898999999996,-0.5317815542221069,0.6410311460494995,0.6882234811782837,0.0027422059793025255,-0.12461693584918976,-0.0012530944077298045,0.9922004342079163
1.2398302999999995,-0.5317885875701904,0.6410326361656189,0.6882200837135315,0.0027143547777086496,-0.12454527616500854,-0.0013988331193104386,0.992209255695343
1.2452188999999994,-0.5317859053611755,0.6410355567932129,0.6882151961326599,0.0027302696835249662,-0.12459723651409149,-0.0013651151675730944,0.9922026991844177
1.2494492999999984,-0.5317859053611755,0.6410355567932129,0.6882151961326599,0.0027302696835249662,-0.12459723651409149,-0.0013651151675730944,0.9922026991844177
1.253749899999999,-0.5317938923835754,0.6410386562347412,0.6882106065750122,0.0027053591329604387,-0.12453557550907135,-0.0014030063757672906,0.9922104477882385
1.257856199999999,-0.5317938923835754,0.6410386562347412,0.6882106065750122,0.0027053591329604387,-0.12453557550907135,-0.0014030063757672906,0.9922104477882385
1.2640875999999999,-0.5317814946174622,0.6410454511642456,0.688210666179657,0.002670407760888338,-0.1245734915137291,-0.0014258153969421983,0.992205798625946
1.2679811999999995,-0.5317801833152771,0.6410471796989441,0.6882104277610779,0.002665809588506818,-0.12455534934997559,-0.001353593310341239,0.9922081828117371
1.2718268999999989,-0.5317801833152771,0.6410471796989441,0.6882104277610779,0.002665809588506818,-0.12455534934997559,-0.001353593310341239,0.9922081828117371
1.2772154999999987,-0.5317723751068115,0.6410446166992188,0.6882084012031555,0.0026768390089273453,-0.12452287971973419,-0.0013874419964849949,0.9922121167182922
1.2821587999999995,-0.5317723751068115,0.6410446166992188,0.6882084012031555,0.0026768390089273453,-0.12452287971973419,-0.0013874419964849949,0.9922121167182922
1.2864985999999998,-0.5317738652229309,0.6410486698150635,0.688209056854248,0.0026683073956519365,-0.1245536133646965,-0.0013146755518391728,0.9922084808349609
1.2901539999999994,-0.5317738652229309,0.6410486698150635,0.688209056854248,0.0026683073956519365,-0.1245536133646965,-0.0013146755518391728,0.9922084808349609
1.2958182999999988,-0.531779408454895,0.6410441994667053,0.6882163882255554,0.002621580148115754,-0.12459593266248703,-0.0011306446976959705,0.9922035336494446
1.3009591999999994,-0.5317813158035278,0.6410449743270874,0.6882230043411255,0.0026246786583215,-0.12455172836780548,-0.0012560103787109256,0.9922088384628296
1.305270199999999,-0.5317813158035278,0.6410449743270874,0.6882230043411255,0.0026246786583215,-0.12455172836780548,-0.0012560103787109256,0.9922088384628296
1.3111865999999992,-0.531785249710083,0.6410383582115173,0.6882292628288269,0.0027595197316259146,-0.12461001425981522,-0.0012894385727122426,0.9922012090682983
1.3155954999999988,-0.531785249710083,0.6410383582115173,0.6882292628288269,0.0027595197316259146,-0.12461001425981522,-0.0012894385727122426,0.9922012090682983
1.3205478,-0.531780481338501,0.6410306096076965,0.6882347464561462,0.002729632193222642,-0.12461351603269577,-0.0013136628549546003,0.9922007322311401
1.3249199999999988,-0.531780481338501,0.6410306096076965,0.6882347464561462,0.002729632193222642,-0.12461351603269577,-0.0013136628549546003,0.9922007322311401
1.3300526999999995,-0.5317805409431458,0.6410340666770935,0.6882321238517761,0.0027178204618394375,-0.12459517270326614,-0.0012909873621538281,0.9922031760215759
1.3349263999999987,-0.5317773222923279,0.6410297155380249,0.688239574432373,0.0027707358822226524,-0.12458617240190506,-0.0012711016461253166,0.9922041296958923
1.3385793999999986,-0.5317773222923279,0.6410297155380249,0.688239574432373,0.0027707358822226524,-0.12458617240190506,-0.0012711016461253166,0.9922041296958923
1.3428112999999993,-0.5317795872688293,0.6410306692123413,0.688239336013794,0.0027861029375344515,-0.12461850792169571,-0.0012880858266726136,0.9922000169754028
1.3473080999999993,-0.5317795872688293,0.6410306692123413,0.688239336013794,0.0027861029375344515,-0.12461850792169571,-0.0012880858266726136,0.9922000169754028
